<?xml version="1.0" encoding="UTF-8"?>
<beans xmlns="http://www.springframework.org/schema/beans"
    xmlns:xsi="http://www.w3.org/2001/XMLSchema-instance"
    xmlns:c="http://www.springframework.org/schema/c"
    xmlns:p="http://www.springframework.org/schema/p"
    xsi:schemaLocation="http://www.springframework.org/schema/beans
        http://www.springframework.org/schema/beans/spring-beans.xsd">
 <bean id="bean1" class="com.demo.beans.Bean1"></bean>
 
 <bean id="bean2" class="com.demo.beans.Bean2" scope="prototype"></bean>
 <!-- 
 <bean id="datasourceimmutable" class="com.demo.beans.DataSourceImmutable">
 <constructor-arg index="0" value="com.mysql.cj.jdbc.Driver"></constructor-arg>
 <constructor-arg index="1" value="jdbc:mysql://localhost:3306/test"></constructor-arg>
 <constructor-arg index="2" value="root"></constructor-arg>
  <constructor-arg index="3" value="root"></constructor-arg>
 </bean>
 <bean id="datasourcemutable" class="com.demo.beans.DataSourceMutable">
 <property name="driver" value="com.mysql.cj.jdbc.Driver"></property>
 <property name="url" value="jdbc:mysql://localhost:3306/test"></property>
 <property name="username" value="root"></property>
 <property name="password" value="root"></property>
 </bean>
  -->
  <bean id="datasourceimmutable" class="com.demo.beans.DataSourceImmutable" c:driver="com.mysql.cj.jdbc.Driver" c:url="jdbc:mysql://localhost:3306/test" c:username="root" c:password="root"></bean>
 <bean id="datasourcemutable" class="com.demo.beans.DataSourceMutable" p:driver="com.mysql.cj.jdbc.Driver" p:url="jdbc:mysql://localhost:3306/test" p:username="root" p:password="root"></bean>
 <!-- manual wiring -->
 <!-- 
 <bean id="bean4" class="com.demo.beans.Bean4"></bean>
 <bean id="bean3" class="com.demo.beans.Bean3">
 <constructor-arg index="0" ref="bean4"></constructor-arg>
 </bean>
  -->
  <bean id="bean4" class="com.demo.beans.Bean4"></bean>
  <bean id="bean41" class="com.demo.beans.Bean4"></bean>
  
  <bean id="bean3" class="com.demo.beans.Bean3" autowire="constructor"></bean>
 
 <bean id="singletonbean" class="com.demo.beans.SingletonBean" init-method="initMethod" destroy-method="destroyMethod"></bean>
 <bean id="prototypebean" class="com.demo.beans.PrototypeBean" init-method="initMethod" destroy-method="destroyMethod" scope="prototype"></bean>
 <bean id="beanLifeCycleTracker" class="com.demo.beans.BeanLifeCycleTracker"></bean>
 </beans>



	